user,method,equation,restrictions,opt_force_N,valid,invalid_reason,rmse_all_levels,rmse_fitted_samples,n_fitted_samples,max_push_force_N,coef_quad,coef_lin,coef_const,coef_exp_A,coef_exp_k,coef_exp_c
3,Linear,y = a·x + b,a ≤ 0 (falling); fit on all 4 levels,48.75000000000011,True,,3.1622776601683795,3.1622776601683795,4,261.35,,-0.4,68.00000000000004,,,
4,Linear,y = a·x + b,a ≤ 0 (falling); fit on all 4 levels,28.200000000000088,True,,2.672612419124245,2.672612419124245,4,216.67999999999998,,-0.3571428571428572,58.571428571428605,,,
5,Linear,y = a·x + b,a ≤ 0 (falling); fit on all 4 levels,21.666666666667382,True,,4.140393356054126,4.140393356054126,4,172.04,,-0.04285714285714285,49.42857142857146,,,
6,Linear,y = a·x + b,a ≤ 0 (falling); fit on all 4 levels,435.0000000000006,False,crossing above 300 N,3.1622776601683795,3.1622776601683795,4,106.76,,-0.09999999999999995,92.00000000000004,,,
7,Linear,y = a·x + b,a ≤ 0 (falling); fit on all 4 levels,153.88888888888937,True,,2.0701966780270613,2.0701966780270613,4,96.82,,-0.1285714285714284,68.28571428571432,,,
8,Linear,y = a·x + b,a ≤ 0 (falling); fit on all 4 levels,,False,no crossing,8.2915619758885,8.2915619758885,4,209.39,,-3.311953624479896e-25,62.5,,,
9,Linear,y = a·x + b,a ≤ 0 (falling); fit on all 4 levels,7.812500000000173,True,,2.0701966780270626,2.0701966780270626,4,246.76,,-0.22857142857142884,50.28571428571433,,,
10,Linear,y = a·x + b,a ≤ 0 (falling); fit on all 4 levels,63.00000000000007,True,,12.24744871391589,12.24744871391589,4,192.43999999999997,,-0.5000000000000003,80.00000000000006,,,
11,Linear,y = a·x + b,a ≤ 0 (falling); fit on all 4 levels,165.9090909090912,True,,9.856107606091623,9.856107606091623,4,109.79,,-0.1571428571428572,74.57142857142863,,,
12,Linear,y = a·x + b,a ≤ 0 (falling); fit on all 4 levels,51.56250000000013,True,,2.0701966780270626,2.0701966780270626,4,66.77,,-0.22857142857142881,60.28571428571433,,,
13,Linear,y = a·x + b,a ≤ 0 (falling); fit on all 4 levels,-19.749999999999925,False,crossing below 0 N,5.3452248382484875,5.3452248382484875,4,201.9,,-0.28571428571428586,42.857142857142875,,,
14,Linear,y = a·x + b,a ≤ 0 (falling); fit on all 4 levels,48.750000000000114,True,,10.488088481701517,10.488088481701517,4,89.87,,-0.40000000000000024,68.00000000000006,,,
15,Linear,y = a·x + b,a ≤ 0 (falling); fit on all 4 levels,97.50000000000007,True,,11.77163661397295,11.77163661397295,4,230.66,,-0.3142857142857146,79.1428571428572,,,
16,Linear,y = a·x + b,a ≤ 0 (falling); fit on all 4 levels,95.90909090909098,True,,8.618916073713343,8.618916073713343,4,189.39,,-0.4714285714285721,93.71428571428581,,,
17,Linear,y = a·x + b,a ≤ 0 (falling); fit on all 4 levels,123.75000000000014,True,,14.491376746189438,14.491376746189438,4,191.56000000000003,,-0.4,98.00000000000006,,,
18,Linear,y = a·x + b,a ≤ 0 (falling); fit on all 4 levels,95.31250000000016,True,,2.0701966780270613,2.0701966780270613,4,141.85,,-0.228571428571429,70.28571428571436,,,
19,Linear,y = a·x + b,a ≤ 0 (falling); fit on all 4 levels,,False,no crossing,10.897247358851684,10.897247358851684,4,244.26,,-4.632696106437123e-25,57.5,,,
20,Linear,y = a·x + b,a ≤ 0 (falling); fit on all 4 levels,15.250000000000108,True,,8.864052604279182,8.864052604279182,4,161.18,,-0.2857142857142858,52.85714285714289,,,
21,Linear,y = a·x + b,a ≤ 0 (falling); fit on all 4 levels,65.68181818181826,True,,6.210590034081185,6.210590034081185,4,149.61,,-0.3142857142857143,69.14285714285717,,,
22,Linear,y = a·x + b,a ≤ 0 (falling); fit on all 4 levels,,False,no crossing,12.99038105676658,12.99038105676658,4,141.23,,-4.632696106437123e-25,57.5,,,
23,Linear,y = a·x + b,a ≤ 0 (falling); fit on all 4 levels,90.50000000000018,True,,2.672612419124243,2.672612419124243,4,138.16,,-0.1428571428571429,61.42857142857146,,,
24,Linear,y = a·x + b,a ≤ 0 (falling); fit on all 4 levels,,False,no crossing,5.0,5.0,4,190.99,,-4.239535222586108e-20,65.0,,,
25,Linear,y = a·x + b,a ≤ 0 (falling); fit on all 4 levels,,False,no crossing,10.0,10.0,4,247.73,,-9.20183951282149e-18,60.0,,,
26,Linear,y = a·x + b,a ≤ 0 (falling); fit on all 4 levels,-72.49999999999982,False,crossing below 0 N,6.324555320336759,6.324555320336759,4,146.79,,-0.20000000000000012,34.00000000000003,,,
27,Linear,y = a·x + b,a ≤ 0 (falling); fit on all 4 levels,73.75000000000004,True,,3.1622776601683795,3.1622776601683795,4,225.4,,-0.40000000000000036,78.00000000000004,,,
28,Linear,y = a·x + b,a ≤ 0 (falling); fit on all 4 levels,177.50000000000009,True,,6.324555320336761,6.324555320336761,4,250.92,,-0.20000000000000023,84.00000000000006,,,
3,Quadratic,y = a·x² + b·x + c,"a ≤ 0, b ≤ 0 ⟺ vertex ≤ 0 N  ⟹  y' ≤ 0 (monotone), y'' ≤ 0",48.75000000000187,True,,3.162277660168931,3.162277660168931,4,261.35,-8.767071917719959e-16,-0.39999999999992386,67.99999999999912,,,
4,Quadratic,y = a·x² + b·x + c,"a ≤ 0, b ≤ 0 ⟺ vertex ≤ 0 N  ⟹  y' ≤ 0 (monotone), y'' ≤ 0",28.200000000000202,True,,2.6726124191242713,2.6726124191242713,4,216.67999999999998,-9.00155045573345e-17,-0.3571428571428502,58.57142857142852,,,
5,Quadratic,y = a·x² + b·x + c,"a ≤ 0, b ≤ 0 ⟺ vertex ≤ 0 N  ⟹  y' ≤ 0 (monotone), y'' ≤ 0",21.66666666666662,True,,4.140393356054125,4.140393356054125,4,172.04,-3.1416623988368564e-20,-0.04285714285714272,49.42857142857142,,,
6,Quadratic,y = a·x² + b·x + c,"a ≤ 0, b ≤ 0 ⟺ vertex ≤ 0 N  ⟹  y' ≤ 0 (monotone), y'' ≤ 0",168.37543085107671,True,,2.3111698616928176,2.3111698616928176,4,106.76,-0.0015323992994746055,-3.4127515791789234e-18,91.94395796847635,,,
7,Quadratic,y = a·x² + b·x + c,"a ≤ 0, b ≤ 0 ⟺ vertex ≤ 0 N  ⟹  y' ≤ 0 (monotone), y'' ≤ 0",153.88888888888894,True,,2.0701966780270635,2.0701966780270635,4,96.82,-3.390950155528728e-25,-0.12857142857142856,68.28571428571429,,,
8,Quadratic,y = a·x² + b·x + c,"a ≤ 0, b ≤ 0 ⟺ vertex ≤ 0 N  ⟹  y' ≤ 0 (monotone), y'' ≤ 0",,False,no crossing,8.291561975888802,8.291561975888802,4,209.39,-1.9291121245085356e-16,-3.1250463830810576e-16,62.500000000000576,,,
9,Quadratic,y = a·x² + b·x + c,"a ≤ 0, b ≤ 0 ⟺ vertex ≤ 0 N  ⟹  y' ≤ 0 (monotone), y'' ≤ 0",7.598850565221248,True,,1.9069251784911836,1.9069251784911836,4,246.76,-0.001136363636363635,-0.14090909090908987,49.636363636363626,,,
10,Quadratic,y = a·x² + b·x + c,"a ≤ 0, b ≤ 0 ⟺ vertex ≤ 0 N  ⟹  y' ≤ 0 (monotone), y'' ≤ 0",63.0,True,,12.247448713915892,12.247448713915892,4,192.43999999999997,-8.183288914257866e-21,-0.4999999999999999,80.0,,,
11,Quadratic,y = a·x² + b·x + c,"a ≤ 0, b ≤ 0 ⟺ vertex ≤ 0 N  ⟹  y' ≤ 0 (monotone), y'' ≤ 0",98.9356051593862,True,,8.677930620827466,8.677930620827466,4,109.79,-0.0027583187390542918,-1.843853414190928e-18,75.49912434325745,,,
12,Quadratic,y = a·x² + b·x + c,"a ≤ 0, b ≤ 0 ⟺ vertex ≤ 0 N  ⟹  y' ≤ 0 (monotone), y'' ≤ 0",54.807534003590845,True,,1.9069251784911847,1.9069251784911847,4,66.77,-0.0011363636363636263,-0.14090909090909032,59.63636363636361,,,
13,Quadratic,y = a·x² + b·x + c,"a ≤ 0, b ≤ 0 ⟺ vertex ≤ 0 N  ⟹  y' ≤ 0 (monotone), y'' ≤ 0",,False,no crossing,4.767312946227961,4.767312946227961,4,201.9,-0.0034090909090909,-0.022727272727272818,40.90909090909092,,,
14,Quadratic,y = a·x² + b·x + c,"a ≤ 0, b ≤ 0 ⟺ vertex ≤ 0 N  ⟹  y' ≤ 0 (monotone), y'' ≤ 0",56.20983414443848,True,,7.699477999910974,7.699477999910974,4,89.87,-0.005779334500874218,-1.218674996609504e-13,66.76007005254071,,,
15,Quadratic,y = a·x² + b·x + c,"a ≤ 0, b ≤ 0 ⟺ vertex ≤ 0 N  ⟹  y' ≤ 0 (monotone), y'' ≤ 0",78.06233927803677,True,,8.52009060738021,8.52009060738021,4,230.66,-0.0051663747810858154,-7.339731700773744e-19,79.98248686514887,,,
16,Quadratic,y = a·x² + b·x + c,"a ≤ 0, b ≤ 0 ⟺ vertex ≤ 0 N  ⟹  y' ≤ 0 (monotone), y'' ≤ 0",95.90909090909088,True,,8.618916073713345,8.618916073713345,4,189.39,-3.7706915132130394e-21,-0.4714285714285714,93.71428571428571,,,
17,Quadratic,y = a·x² + b·x + c,"a ≤ 0, b ≤ 0 ⟺ vertex ≤ 0 N  ⟹  y' ≤ 0 (monotone), y'' ≤ 0",123.75000000000003,True,,14.491376746189438,14.491376746189438,4,191.56000000000003,-1.4397141569383668e-20,-0.3999999999999998,97.99999999999999,,,
18,Quadratic,y = a·x² + b·x + c,"a ≤ 0, b ≤ 0 ⟺ vertex ≤ 0 N  ⟹  y' ≤ 0 (monotone), y'' ≤ 0",87.81321704042043,True,,1.9069251784911834,1.9069251784911834,4,141.85,-0.001136363636363616,-0.1409090909090911,69.63636363636363,,,
19,Quadratic,y = a·x² + b·x + c,"a ≤ 0, b ≤ 0 ⟺ vertex ≤ 0 N  ⟹  y' ≤ 0 (monotone), y'' ≤ 0",,False,no crossing,10.897247358851683,10.897247358851683,4,244.26,-3.332369928337868e-19,-5.751641674107444e-19,57.50000000000001,,,
20,Quadratic,y = a·x² + b·x + c,"a ≤ 0, b ≤ 0 ⟺ vertex ≤ 0 N  ⟹  y' ≤ 0 (monotone), y'' ≤ 0",15.249999999999991,True,,8.864052604279184,8.864052604279184,4,161.18,-9.073567495001497e-27,-0.2857142857142857,52.857142857142854,,,
21,Quadratic,y = a·x² + b·x + c,"a ≤ 0, b ≤ 0 ⟺ vertex ≤ 0 N  ⟹  y' ≤ 0 (monotone), y'' ≤ 0",65.68181818181819,True,,6.210590034081189,6.210590034081189,4,149.61,-6.482245341832017e-20,-0.31428571428571417,69.14285714285714,,,
22,Quadratic,y = a·x² + b·x + c,"a ≤ 0, b ≤ 0 ⟺ vertex ≤ 0 N  ⟹  y' ≤ 0 (monotone), y'' ≤ 0",,False,no crossing,12.990381056767964,12.990381056767964,4,141.23,-5.892032821145815e-16,-9.599003812904894e-15,57.50000000000214,,,
23,Quadratic,y = a·x² + b·x + c,"a ≤ 0, b ≤ 0 ⟺ vertex ≤ 0 N  ⟹  y' ≤ 0 (monotone), y'' ≤ 0",80.47862550575181,True,,2.38365647311398,2.38365647311398,4,138.16,-0.0017045454545454475,-0.011363636363635132,60.45454545454541,,,
24,Quadratic,y = a·x² + b·x + c,"a ≤ 0, b ≤ 0 ⟺ vertex ≤ 0 N  ⟹  y' ≤ 0 (monotone), y'' ≤ 0",256.3396184751572,True,,4.960438938828844,4.960438938828844,4,190.99,-0.0002626970227671207,-2.0106197610643796e-18,65.76182136602465,,,
25,Quadratic,y = a·x² + b·x + c,"a ≤ 0, b ≤ 0 ⟺ vertex ≤ 0 N  ⟹  y' ≤ 0 (monotone), y'' ≤ 0",157.44311141909503,True,,9.920877877657679,9.920877877657679,4,247.73,-0.0005253940455343368,-1.864116180402513e-17,61.52364273204958,,,
26,Quadratic,y = a·x² + b·x + c,"a ≤ 0, b ≤ 0 ⟺ vertex ≤ 0 N  ⟹  y' ≤ 0 (monotone), y'' ≤ 0",,False,no crossing,4.622339723385635,4.622339723385635,4,146.79,-0.003064798598949213,-8.805675937497514e-18,33.887915936952716,,,
27,Quadratic,y = a·x² + b·x + c,"a ≤ 0, b ≤ 0 ⟺ vertex ≤ 0 N  ⟹  y' ≤ 0 (monotone), y'' ≤ 0",73.74999999999991,True,,3.162277660168931,3.162277660168931,4,225.4,-8.767071917719959e-16,-0.39999999999992386,77.99999999999912,,,
28,Quadratic,y = a·x² + b·x + c,"a ≤ 0, b ≤ 0 ⟺ vertex ≤ 0 N  ⟹  y' ≤ 0 (monotone), y'' ≤ 0",107.45497395919568,True,,4.622339723385638,4.622339723385638,4,250.92,-0.003064798598949213,-8.805664356968938e-18,83.88791593695272,,,
3,Quadratic-MaxForce,y = a·x² + b·x + c,"a ≤ 0, b ≤ 0, plus the end-point restriction y(F_max) ≤ 0: performance must be exhausted by the force the user can actually produce. The curve is otherwise fitted freely — it is only pulled where it would still be positive at F_max",48.750000000000014,True,,3.162277660168378,3.162277660168378,4,261.35,-5.67156194477837e-26,-0.39999999999999986,68.0,,,
4,Quadratic-MaxForce,y = a·x² + b·x + c,"a ≤ 0, b ≤ 0, plus the end-point restriction y(F_max) ≤ 0: performance must be exhausted by the force the user can actually produce. The curve is otherwise fitted freely — it is only pulled where it would still be positive at F_max",28.200000000000482,True,,2.6726124191243152,2.6726124191243152,4,216.67999999999998,-2.1862660274224938e-16,-0.3571428571428402,58.57142857142844,,,
5,Quadratic-MaxForce,y = a·x² + b·x + c,"a ≤ 0, b ≤ 0, plus the end-point restriction y(F_max) ≤ 0: performance must be exhausted by the force the user can actually produce. The curve is otherwise fitted freely — it is only pulled where it would still be positive at F_max",46.44814783508329,True,,5.522614549409849,5.522614549409849,4,172.04,-0.001767471380445442,-3.0327601216913492e-18,52.31319655324688,,,
6,Quadratic-MaxForce,y = a·x² + b·x + c,"a ≤ 0, b ≤ 0, plus the end-point restriction y(F_max) ≤ 0: performance must be exhausted by the force the user can actually produce. The curve is otherwise fitted freely — it is only pulled where it would still be positive at F_max",79.8386536082644,True,,20.29340284193217,20.29340284193217,4,106.76,-0.00965464827446702,-7.873764583334611e-20,110.04076146673691,,,
7,Quadratic-MaxForce,y = a·x² + b·x + c,"a ≤ 0, b ≤ 0, plus the end-point restriction y(F_max) ≤ 0: performance must be exhausted by the force the user can actually produce. The curve is otherwise fitted freely — it is only pulled where it would still be positive at F_max",61.36992622332949,True,,19.047242407269383,19.047242407269383,4,96.82,-0.008648599211579388,-2.2364940993290127e-16,81.07294111189653,,,
8,Quadratic-MaxForce,y = a·x² + b·x + c,"a ≤ 0, b ≤ 0, plus the end-point restriction y(F_max) ≤ 0: performance must be exhausted by the force the user can actually produce. The curve is otherwise fitted freely — it is only pulled where it would still be positive at F_max",108.6445416149322,True,,10.986625025550689,10.986625025550689,4,209.39,-0.0015137075262567949,-1.1939484430174935e-22,66.36725329026818,,,
9,Quadratic-MaxForce,y = a·x² + b·x + c,"a ≤ 0, b ≤ 0, plus the end-point restriction y(F_max) ≤ 0: performance must be exhausted by the force the user can actually produce. The curve is otherwise fitted freely — it is only pulled where it would still be positive at F_max",7.598850565221194,True,,1.9069251784911851,1.9069251784911851,4,246.76,-0.0011363636363636502,-0.14090909090908993,49.63636363636362,,,
10,Quadratic-MaxForce,y = a·x² + b·x + c,"a ≤ 0, b ≤ 0, plus the end-point restriction y(F_max) ≤ 0: performance must be exhausted by the force the user can actually produce. The curve is otherwise fitted freely — it is only pulled where it would still be positive at F_max",63.00000000000167,True,,12.247448713916317,12.247448713916317,4,192.43999999999997,-2.6028590177881906e-15,-0.4999999999997994,79.99999999999852,,,
11,Quadratic-MaxForce,y = a·x² + b·x + c,"a ≤ 0, b ≤ 0, plus the end-point restriction y(F_max) ≤ 0: performance must be exhausted by the force the user can actually produce. The curve is otherwise fitted freely — it is only pulled where it would still be positive at F_max",72.13228562735065,True,,13.754709662024773,13.754709662024773,4,109.79,-0.007079488453850773,-9.20754236854263e-18,85.33505013046728,,,
12,Quadratic-MaxForce,y = a·x² + b·x + c,"a ≤ 0, b ≤ 0, plus the end-point restriction y(F_max) ≤ 0: performance must be exhausted by the force the user can actually produce. The curve is otherwise fitted freely — it is only pulled where it would still be positive at F_max",15.995265308498249,True,,36.32114362801985,36.32114362801985,4,66.77,-1.1387379450271131e-23,-0.9551994765640307,63.778669050180326,,,
13,Quadratic-MaxForce,y = a·x² + b·x + c,"a ≤ 0, b ≤ 0, plus the end-point restriction y(F_max) ≤ 0: performance must be exhausted by the force the user can actually produce. The curve is otherwise fitted freely — it is only pulled where it would still be positive at F_max",,False,no crossing,4.767312946227962,4.767312946227962,4,201.9,-0.0034090909090909237,-0.02272727272727233,40.90909090909096,,,
14,Quadratic-MaxForce,y = a·x² + b·x + c,"a ≤ 0, b ≤ 0, plus the end-point restriction y(F_max) ≤ 0: performance must be exhausted by the force the user can actually produce. The curve is otherwise fitted freely — it is only pulled where it would still be positive at F_max",51.71216430013007,True,,11.4072133949877,11.4072133949877,4,89.87,-0.008977376886124608,-6.048948065725904e-22,72.50683387614339,,,
15,Quadratic-MaxForce,y = a·x² + b·x + c,"a ≤ 0, b ≤ 0, plus the end-point restriction y(F_max) ≤ 0: performance must be exhausted by the force the user can actually produce. The curve is otherwise fitted freely — it is only pulled where it would still be positive at F_max",78.06233927803673,True,,8.520090607380208,8.520090607380208,4,230.66,-0.005166374781085826,-1.8323092702299142e-19,79.9824868651489,,,
16,Quadratic-MaxForce,y = a·x² + b·x + c,"a ≤ 0, b ≤ 0, plus the end-point restriction y(F_max) ≤ 0: performance must be exhausted by the force the user can actually produce. The curve is otherwise fitted freely — it is only pulled where it would still be positive at F_max",92.55972854874821,True,,8.664660341112041,8.664660341112041,4,189.39,-4.677958837883252e-17,-0.5008764229729085,94.86098574684081,,,
17,Quadratic-MaxForce,y = a·x² + b·x + c,"a ≤ 0, b ≤ 0, plus the end-point restriction y(F_max) ≤ 0: performance must be exhausted by the force the user can actually produce. The curve is otherwise fitted freely — it is only pulled where it would still be positive at F_max",110.25421598626006,True,,14.73331216702042,14.73331216702042,4,191.56000000000003,-0.0007299028816646542,-0.37621846117758095,98.8523651711738,,,
18,Quadratic-MaxForce,y = a·x² + b·x + c,"a ≤ 0, b ≤ 0, plus the end-point restriction y(F_max) ≤ 0: performance must be exhausted by the force the user can actually produce. The curve is otherwise fitted freely — it is only pulled where it would still be positive at F_max",78.41628692573332,True,,2.7877481243698363,2.7877481243698363,4,141.85,-0.0034711515417565585,-4.894405097459716e-16,69.84450673321017,,,
19,Quadratic-MaxForce,y = a·x² + b·x + c,"a ≤ 0, b ≤ 0, plus the end-point restriction y(F_max) ≤ 0: performance must be exhausted by the force the user can actually produce. The curve is otherwise fitted freely — it is only pulled where it would still be positive at F_max",107.05043209335423,True,,12.54515192890287,12.54515192890287,4,244.26,-0.0010061582571975582,-7.004099431077626e-20,60.03036737648518,,,
20,Quadratic-MaxForce,y = a·x² + b·x + c,"a ≤ 0, b ≤ 0, plus the end-point restriction y(F_max) ≤ 0: performance must be exhausted by the force the user can actually produce. The curve is otherwise fitted freely — it is only pulled where it would still be positive at F_max",18.83734881156564,True,,9.021707306729043,9.021707306729043,4,161.18,-3.321670567443377e-17,-0.3407271088115006,54.91839539823853,,,
21,Quadratic-MaxForce,y = a·x² + b·x + c,"a ≤ 0, b ≤ 0, plus the end-point restriction y(F_max) ≤ 0: performance must be exhausted by the force the user can actually produce. The curve is otherwise fitted freely — it is only pulled where it would still be positive at F_max",64.57900402207447,True,,6.811301508480167,6.811301508480167,4,149.61,-0.001673327682270143,-0.21197185158649806,69.16745674124894,,,
22,Quadratic-MaxForce,y = a·x² + b·x + c,"a ≤ 0, b ≤ 0, plus the end-point restriction y(F_max) ≤ 0: performance must be exhausted by the force the user can actually produce. The curve is otherwise fitted freely — it is only pulled where it would still be positive at F_max",69.8718214732525,True,,20.095444901250577,20.095444901250577,4,141.23,-0.003219630272654869,-2.4744107360304787e-19,64.21846498857725,,,
23,Quadratic-MaxForce,y = a·x² + b·x + c,"a ≤ 0, b ≤ 0, plus the end-point restriction y(F_max) ≤ 0: performance must be exhausted by the force the user can actually produce. The curve is otherwise fitted freely — it is only pulled where it would still be positive at F_max",68.35290023680531,True,,4.389527942342922,4.389527942342922,4,138.16,-0.0033643018756381194,-1.423193461047088e-19,64.21841861660855,,,
24,Quadratic-MaxForce,y = a·x² + b·x + c,"a ≤ 0, b ≤ 0, plus the end-point restriction y(F_max) ≤ 0: performance must be exhausted by the force the user can actually produce. The curve is otherwise fitted freely — it is only pulled where it would still be positive at F_max",106.36655660605943,True,,6.364746285243223,6.364746285243223,4,190.99,-0.0019274074196393891,-4.175098751249378e-24,70.30638757226228,,,
25,Quadratic-MaxForce,y = a·x² + b·x + c,"a ≤ 0, b ≤ 0, plus the end-point restriction y(F_max) ≤ 0: performance must be exhausted by the force the user can actually produce. The curve is otherwise fitted freely — it is only pulled where it would still be positive at F_max",118.60982147638713,True,,9.99266398131402,9.99266398131402,4,247.73,-0.001025329591075325,-4.1992922403331375e-20,62.92463377717384,,,
26,Quadratic-MaxForce,y = a·x² + b·x + c,"a ≤ 0, b ≤ 0, plus the end-point restriction y(F_max) ≤ 0: performance must be exhausted by the force the user can actually produce. The curve is otherwise fitted freely — it is only pulled where it would still be positive at F_max",,False,no crossing,4.622339723387201,4.622339723387201,4,146.79,-0.0030647985989465305,-2.2683030195389406e-13,33.88791593695514,,,
27,Quadratic-MaxForce,y = a·x² + b·x + c,"a ≤ 0, b ≤ 0, plus the end-point restriction y(F_max) ≤ 0: performance must be exhausted by the force the user can actually produce. The curve is otherwise fitted freely — it is only pulled where it would still be positive at F_max",73.74999999999999,True,,3.1622776601683795,3.1622776601683795,4,225.4,-4.008284336726791e-26,-0.4,78.0,,,
28,Quadratic-MaxForce,y = a·x² + b·x + c,"a ≤ 0, b ≤ 0, plus the end-point restriction y(F_max) ≤ 0: performance must be exhausted by the force the user can actually produce. The curve is otherwise fitted freely — it is only pulled where it would still be positive at F_max",107.45497395919568,True,,4.622339723385634,4.622339723385634,4,250.92,-0.0030647985989492132,-7.705575414691606e-24,83.88791593695271,,,
